ID	CN	EN	RU_TRANSLATION
1	\n　　一想到你要独自去那种地方，我就忍不住担忧你的安危。但我又与你一样好奇：他们真的和我们一样吗？无论是外表，还是内心？\n此次调查无疑是一项艰巨的任务，路途凶险，还请你务必保重。\n　　如果那里能收到来信，希望你能抽空报个平安。小玛莎和我一直期待着去廷根火车站接你回家的那天！\n　　愿女神庇佑你的归途平安无阻！	\n　　Thinking that you are going to such a place alone, I can't help but worry about your safety. But I am as curious as you: Are they really the same as us? Whether it's appearance or heart?\nThis investigation is undoubtedly a daunting task, and the journey is dangerous, so please take care.\n　　If you can receive letters there, I hope you can find time to report that you are safe. Little Martha and I are looking forward to the day we go to Tingen Train Station to pick you up!\n　　May the Goddess bless your return journey to be safe and smooth!	
2	\n　　不用意外！我预先知道你会到这里，留下了这封信，其他人看不到。\n　　我赶稿实在抽不开身，麻烦帮我把这本新书带给塔罗会的“月亮”先生。书钱我已经付过了！\n　　“月亮”目前以大地母神教会执事的身份，在金秋湖调查“丰饶污染”事件。你们正好可以借此认识一下。\n　　对了，“月亮”先生是血族，请一定不要叫他“吸血鬼”——那很不礼貌！\n　　附一张他自己很满意的画像，方便你辨认。\n（字迹越来越潦草……似乎没时间写更多了。） 	\n　　Don't be surprised! I knew in advance that you would come here and left this letter, others can't see it.\n　　I'm too busy with my manuscript to get away, so please help me bring this new book to Mr. Moon of the Tarot Club. I have already paid for the book!\n　　\"Moon\" is currently investigating the \"Abundance Corruption\" incident at Golden Autumn Lake as a deacon of the Earth Mother Church. You can just happen to get to know each other.\n　　By the way, Mr. Moon is a Sanguine, please don't call him a \"vampire\"—that's very rude!\n　　Attached is a portrait he is very satisfied with, for your identification.\n(The handwriting is getting more and more illegible... seems like there is no time to write more.) 	
3	\n　　为给诸位更体面的购物环境，本店将\n　　于即日起暂停营业六周，全店翻修。\n\n　✦  新增进口原木打造专柜\n　✦  全店换装吊灯\n　✦  扩建二楼贵宾厅\n\n　　重新开业日期暂未确定，详情请关注 《贝克兰德邮报》\n　　凭报纸当日到店可享九折优惠	\n　　To provide everyone with a more decent shopping environment, this shop will\n　　suspend business for six weeks starting today for a full renovation.\n\n　✦  Added counters made of imported logs\n　✦  Installed chandeliers throughout the shop\n　✦  Expanded the second-floor VIP lounge\n\n　　The reopening date has not yet been determined, for details please pay attention to the \"Backlund Post\"\n　　Present the newspaper on the day to enjoy a 90% Discount	
4	\n　　又落榜了……已经数不清是第几次落榜了……\n\n　　或许我生来就不适合成为一名政府雇员，仔细经营好那个小肉摊、和一个美丽的妻子一起过日子才是我应该过的生活。\n\n　　她会为我洗衣服，我会为她炖肉，让她成为全廷根吃过最多肉的女人。\n\n　　真是美好的生活……我该振作起来，努力去找一个妻子了。	\n　　Failed the exam again... I have lost count of how many times I have failed...\n\n　　Perhaps I was not born to be a government employee. Carefully managing that small meat stall and living with a beautiful wife is the life I should be living.\n\n　　She will wash my clothes, I will stew meat for her, and let her become the woman who has eaten the most meat in all of Tingen.\n\n　　What a beautiful life... I should pull myself together and try hard to find a wife.	
5	        也许在那之前，我——罗塞尔·古斯塔夫，因蒂斯的皇帝，终将归来。	        Perhaps before that, I—Roselle Gustav, the Emperor of Intis, will eventually return.	
6	#CanMove不朽传奇#	#CanMoveImmortal Legend#	
7	#CanMove你#	#CanMoveYou#	
8	#CanMove修复#	#CanMoveRepair#	
9	#CanMove窟窿#	#CanMoveHole#	
10	#CanMove红色的#	#CanMoveRed#	
11	#CanMove绳子#	#CanMoveRope#	
12	#CanMove绿色的#	#CanMoveGreen#	
13	#CanMove老人#	#CanMoveOldMan#	
14	#CanMove老鼠#	#CanMoveMouse#	
15	#CanMove船#	#CanMoveShip#	
16	#CanMove苹果#	#CanMoveApple#	
17	#CanMove荣耀#	#CanMoveGlory#	
18	#CanMove蒸汽之子#	#CanMoveChildOfSteam#	
19	#CanMove讨厌#	#CanMoveHate#	
20	#CanMove财富#	#CanMoveWealth#	
21	#CanMove资源#	#CanMoveResources#	
22	#CanMove跳舞#	#CanMoveDance#	
23	#CanMove释放#	#CanMoveRelease#	
24	#CanMove金钱#	#CanMoveMoney#	
25	#CanMove钥匙#	#CanMoveKey#	
26	#CanMove问候#	#CanMoveGreeting#	
27	#CanMove风车#	#CanMoveWindmill#	
28	#CanMove驱赶#	#CanMoveDriveAway#	
29	#CanMove魔女#	#CanMoveWitch#	
30	#CanMove鸟窝#	#CanMoveBirdNest#	
31	#CanMove黄色的#	#CanMoveYellow#	
32	%.1f万	%.1f0,000	
33	%.2f万	%.2f0,000	
34	%d万	%d0,000	
35	%d名	%dth	
36	%d时%d分	%d:%d	
37	%d（我）	%d (Me)	
38	%s·高级染	%s - Advanced Dye	
39	%s·（%s召唤）	%s·(%s Summon)	
40	%s倍	%sx	
41	%s年%s月%s日 %s:%s	%s/%s/%s %s:%s	
42	%s年%s月%s日 %s时%s分	%s/%s/%s %s:%s	
43	%s月%s日	%s/%s	
44	%s第%s%s	%s %s %s	
45	%s第%s名	%sRank %s	
46	%s第%s大亨	%s %s Tycoon	
47	%时	%	
48	-数据表缺失	- Data Table Missing	
49	......知识指引我至此。	......Knowledge has guided me here.	
50	00级	Level 0	
51	01-2_批量增加多种类道具	01-2_Batch Add Multiple Types of Items	
52	01_增加道具	01_Add Item	
53	01_开启音频性能分析	01_Start Audio Performance Analysis	
54	02_消耗道具	02_Consume Item	
55	02_结束音频性能分析	02_End Audio Performance Analysis	
56	02任务交互物	02 Quest interaction object	
57	06_伙伴出战/取消	06_Partner Deploy/Cancel	
58	07_伙伴助战/取消	07_Partner Assist/Cancel	
59	0: 三段跳落地;\n1: x 键落地	0: Triple jump landing; \n 1: x key landing	
60	0:\"默认第一偏移点到目标的连线作为起始方向\",1:\"使用表格内部的偏移\",2:\"不使用偏移，目标朝向\"	0: \"Default to the line connecting the first offset point to the target as the starting direction\", 1: \"Use the offset inside the table\", 2: \"Do not use offset, use target orientation\"	
61	0:\"默认第一偏移点到目标的连线作为起始方向\",1:\"使用表格内部的偏移\",2:\"不使用偏移，目标朝向\",3:\"子弹朝向仅取决于Action配置\"	0: \"Default to the line between the first offset point and the target as the starting direction\", 1: \"Use the offset inside the table\", 2: \"Do not use offset, use target orientation\", 3: \"Bullet orientation depends only on Action configuration\".	
62	0:\"默认第一偏移点到目标的连线作为起始方向\",1:\"使用表格内部的偏移\",2:\"不使用偏移，目标朝向\"。	0: \"Default to the line connecting the first offset point to the target as the starting direction\", 1: \"Use the offset inside the table\", 2: \"Do not use offset, use target orientation\".	
63	0:\"默认第一偏移点到目标的连线作为起始方向\",1:\"朝向使用表格内部的偏移\",2:\"不使用偏移，目标朝向\",3:\"子弹朝向仅取决于Action配置\",4:\"子弹起始朝向为 input_dir\"	0: \"Default to the line between the first offset point and the target as the starting direction\", 1: \"Use the offset inside the table\", 2: \"Do not use offset, use target orientation\", 3: \"Bullet orientation depends only on Action configuration\", 4: \"Bullet starting orientation is input_dir\".	
64	0级是最高危险等级，它的能力和负面效果，甚至可以毁灭城市。	Grade 0 is the highest danger level; its abilities and negative effects can even destroy a city.	
65	0表示不设置命中最小间隔	0 means no minimum hit interval is set.	
66	0：推出当前抓取的文字版\n1：抓取选中的文字版	0: Push current grabbed text version \n 1: Grab selected text version	
67	0：（缺省值）对Target里的每一个对象，都发射全部子弹\n1：（排队枪毙）从子弹List里逐个发射子弹，对象为Target列表里按顺序选取，直至Target耗尽，或者子弹耗尽\n2：（随机发放）从子弹List里逐个发射子弹，对象从Target列表里随机选取（可重复选取），直到子弹耗尽	0: (Default) Fire all bullets at every object in Target \n 1: (Queue execution) Fire bullets one by one from the bullet List, selecting objects from the Target list in order until the Target list is exhausted or bullets are exhausted \n 2: (Random distribution) Fire bullets one by one from the bullet List, selecting objects randomly from the Target list (can be selected repeatedly) until bullets are exhausted.	
68	1 显示； 0 不显示	1: Show; 0: Hide.	
69	1-开启, 0-关闭 开启后可以在PVP局内点击主界面最上方打开数据统计	1: Enable, 0: Disable; once enabled, you can click the top of the main interface in PVP to open data statistics.	
70	1-显示, 0-隐藏	1: Show, 0: Hide.	
71	1-显示, 0-隐藏；x1,y1 左上角坐标；x2,y2 右下角坐标;如1,100,100,1024,1024	1: Show, 0: Hide; x1, y1 top-left coordinates; x2, y2 bottom-right; e.g., 1, 100, 100, 1024, 1024.	
72	1-流畅 2-标准 3-高清，音质越高延迟越高	1-Smooth, 2-Standard, 3-HD; higher audio quality results in higher latency.	
73	1. <Highlight>默契值和等级：</>完成家族每周任务可获取默契值提升家族等级，每周默契值获取上限为<Highlight>2000点</>。\n2. <Highlight>每周任务：</>家族成员组队参与对应玩法可获得默契值。每个任务在当周前<Highlight>若干次</>完成可获得<Highlight>高倍默契值</>，超出高倍次数后只可获得普通默契值加成，任务<Highlight>每周刷新</>。	1. <Highlight> Rapport and Level: </> Complete weekly Family quests to gain Rapport and increase the Family level. The weekly Rapport acquisition cap is <Highlight> 2000 points </>. \n 2. <Highlight> Weekly Quests: </> Family members can form teams to participate in corresponding gameplay to earn Rapport. Completing each quest for the first <Highlight> several times </> in the current week grants <Highlight> high-multiplier Rapport </>. After exceeding the high-multiplier count, only standard Rapport bonuses can be obtained. Quests <Highlight> refresh weekly </>.	
74	1. 在大世界范围中探索，解锁奉献之灵、收集奉献之灵或完成各类隐匿恩赐解谜，提升完成度；\n2. 完成度达到对应档位要求后，玩家可以领取该档位奖励；	1. Explore the open world, unlock Spirits of Devotion, collect them, or complete various Hidden Grace puzzles to increase your completion progress; \n 2. Once your completion progress reaches the required threshold, you can claim the corresponding rewards.	
75	1. 在部分副本中，队伍人数没有组满时可发布求援\n2. 成功完成他人的求援帮助可获得一定的绑定苏勒奖励\n3. 应援失败也会获得少量绑定苏勒奖励	1. In some dungeons, if the team is not full, you can post a request for help. \n 2. Successfully helping others with their requests grants a certain amount of bound Gold Pounds. \n 3. Failing to provide support also grants a small amount of bound Gold Pounds.	
76	1. 打开礼金的玩家需要语音输入正确的密文才可以领取礼金\n2. 领取绑金礼金的玩家会获得随机数额的绑金\n3. 领取外观馈赠的玩家会获得随机类型的外观道具	1. Players who open the gift need to input the correct ciphertext via voice to claim the gift. \n 2. Players who claim bound gold gifts will receive a random amount of bound gold. \n 3. Players who claim appearance gifts will receive a random type of appearance item.	
77	1. 打开礼金的玩家需要输入正确的密码才可以领取礼金\n2. 领取绑金礼金的玩家会获得随机数额的绑金\n3. 领取外观馈赠的玩家会获得随机类型的外观道具	1. Players who open the gift need to input the correct password to claim the gift. \n 2. Players who claim bound gold gifts will receive a random amount of bound gold. \n 3. Players who claim appearance gifts will receive a random type of appearance item.	
78	1. 最多可以选择4种不同类型的外观\n2. 外观馈赠的数量等于玩家放置的外观道具数量	1. You can choose up to 4 different types of appearances. \n 2. The number of appearance gifts is equal to the number of appearance items placed by the player.	
79	1. 消耗金镑可发送绑金礼金，领取礼金可获得等价绑定金镑；\n2. 绑金礼金发出24小时后，未被领取的礼金将返还等额绑金；\n3. 外观馈赠若有时装在24小时后未领取完，则会返还购买该时装时消耗的等额金镑与赠礼额度；\n4. 外观馈赠获得的道具为绑定道具	1. Consuming Gold Pounds can send bound gold gifts. Claiming gifts can obtain equivalent bound Gold Pounds; \n 2. 24 hours after the bound gold gift is sent, unclaimed gifts will be returned as an equivalent amount of bound gold; \n 3. If there are outfits in the appearance gift that have not been claimed after 24 hours, the equivalent Gold Pounds and gift quota consumed when purchasing the outfit will be returned; \n 4. Appearance gifts obtained are bound items.	
80	1. 消耗金镑可发送绑金礼金，领取礼金可获得等价绑定金镑；\n2. 绑金礼金发出24小时后，未被领取的礼金将返还等额绑金；\n3. 外观馈赠若有时装在24小时后未领取完，则会返还购买该时装时消耗的等额金镑与赠礼额度；\n4. 外观馈赠获得的道具为绑定道具。	1. Consuming Gold Pounds can send bound gold gifts. Claiming gifts can obtain equivalent bound Gold Pounds; \n 2. 24 hours after the bound gold gift is sent, unclaimed gifts will be returned as an equivalent amount of bound gold; \n 3. If there are outfits in the appearance gift that have not been claimed after 24 hours, the equivalent Gold Pounds and gift quota consumed when purchasing the outfit will be returned; \n 4. Items obtained from appearance gifts are bound items.	
81	1. 语音房间最多可容纳1000人。\n2. 新手指导语音房间默认是房主设置发言顺序模式，需点击开麦按钮发起上麦申请，房主通过后即可开麦。\n3. 房主可在成员权限设置处调整发言顺序，设置禁言和房间黑名单，也可在右侧侧边栏设置界面，调整房间信息、进行常驻房间续时、转让房主操作。\n4. 在右侧侧边框可分享语音房间链接、发放语音房间礼金。	1. Voice rooms can hold up to 1000 people. \n 2. Newbie Guide voice rooms default to Host-Controlled Speech Order mode; you must click the microphone button to request to speak; once the host approves, you can unmute. \n 3. The host can adjust speech order, set mutes, and manage the room blacklist in Member Permissions. They can also adjust room info, extend the room's duration, or transfer ownership in the right sidebar settings. \n 4. You can share the voice room link or distribute voice room gifts via the right sidebar.	
82	1. 语音房间最多可容纳1000人。\n2. 有声读书语音房间默认是房主设置发言顺序模式，需点击开麦按钮发起上麦申请，房主通过后即可开麦。\n3. 房主可在成员权限设置处调整发言顺序，设置禁言和房间黑名单，也可在右侧侧边栏设置界面，调整房间信息、进行常驻房间续时、转让房主操作。\n4. 在右侧侧边框可分享语音房间链接、发放语音房间礼金。	1. Voice rooms can hold up to 1000 people. \n 2. Audio Reading voice rooms default to Host-Controlled Speech Order mode; you must click the microphone button to request to speak; once the host approves, you can unmute. \n 3. The host can adjust speech order, set mutes, and manage the room blacklist in Member Permissions. They can also adjust room info, extend the room's duration, or transfer ownership in the right sidebar settings. \n 4. You can share the voice room link or distribute voice room gifts via the right sidebar.	
83	1. 语音房间最多可容纳1000人。\n2. 法庭扮演语音房间默认是房主设置发言顺序模式，需点击开麦按钮发起上麦申请，房主通过后即可开麦。\n3. 房主可在成员权限设置处调整发言顺序，设置禁言和房间黑名单，也可在右侧侧边栏设置界面，调整房间信息、进行常驻房间续时、转让房主操作。\n4. 在右侧侧边框可分享语音房间链接、发放语音房间礼金。	1. Voice rooms can hold up to 1000 people. \n 2. Court Roleplay voice rooms default to Host-Controlled Speech Order mode; you must click the microphone button to request to speak; once the host approves, you can unmute. \n 3. The host can adjust speech order, set mutes, and manage the room blacklist in Member Permissions. They can also adjust room info, extend the room's duration, or transfer ownership in the right sidebar settings. \n 4. You can share the voice room link or distribute voice room gifts via the right sidebar.	
84	1. 语音房间最多可容纳1000人。\n2. 演唱会语音房间默认是房主设置发言顺序模式，需点击开麦按钮发起上麦申请，房主通过后即可开麦。\n3. 房主可在成员权限设置处调整发言顺序，设置禁言和房间黑名单，也可在右侧侧边栏设置界面，调整房间信息、进行常驻房间续时、转让房主操作。\n4. 在右侧侧边框可分享语音房间链接、发放语音房间礼金。	1. Voice rooms can hold up to 1000 people. \n 2. Concert voice rooms default to Host-Controlled Speech Order mode; you must click the microphone button to request to speak; once the host approves, you can unmute. \n 3. The host can adjust speech order, set mutes, and manage the room blacklist in Member Permissions. They can also adjust room info, extend the room's duration, or transfer ownership in the right sidebar settings. \n 4. You can share the voice room link or distribute voice room gifts via the right sidebar.	
85	1. 语音房间最多可容纳1000人。\n2. 语音房间默认是自由发言模式，点击输入框旁边的开麦按钮即可自动开麦。若当前语音房间模式为房主设置发言权限模式或房主设置发言顺序模式，则需点击开麦按钮发起上麦申请，房主通过后即可开麦。\n3. 房主可在成员权限设置处调整发言模式，设置禁言和房间黑名单，也可在右侧侧边栏设置界面，调整房间信息和类型，进行转让房主操作。\n4. 在右侧侧边框可分享语音房间链接、发放语音房间礼金。	1. Voice rooms can hold up to 1000 people. \n 2. Voice rooms default to Free Speech mode; click the microphone button next to the input box to automatically unmute. If the room is set to Host-Controlled Speech Permission or Speech Order mode, you must click the microphone button to request to speak; once the host approves, you can unmute. \n 3. The host can adjust speech modes, set mutes, and manage the room blacklist in Member Permissions. They can also adjust room info, type, or transfer ownership in the right sidebar settings. \n 4. You can share the voice room link or distribute voice room gifts via the right sidebar.	
86	1. 选择你要进行<Highlight>部分可见</>以及<Highlight>对谁隐身</>的范围\n2. 在群聊中若有不是你好友的玩家，范围设置将不生效	1. Select the scope for <Highlight> partial visibility </> and <Highlight> who to hide from </> \n 2. If there are players in the group chat who are not your friends, the scope settings will not take effect.	
87	1. 领取绑金礼金的玩家会获得随机数额的绑金\n2. 领取外观馈赠的玩家会获得随机类型的外观道具	1. Players who claim bound gold gifts will receive a random amount of bound gold. \n 2. Players who claim appearance gifts will receive a random type of appearance item.	
88	1. 默认关闭，关闭情况下会过滤环境音、增强人声，语音聊天效果更佳。\n2. 开启后，会增强环境音，若使用其他设备外放音乐，收音效果更佳。\n3. 退出当前聊天房间后，此开关会重置为关闭状态。	1. Default is off; when off, it filters ambient noise and enhances human voices for better voice chat quality. \n 2. When turned on, it enhances ambient noise, which is better if you are using other devices to play music. \n 3. This switch resets to off after exiting the current chat room.	
89	1.11版本更新公告	Version 1.11 Update Announcement	
90	1.8找到崩掉的纽扣	1.8 Find the popped button	
91	1.<Highlight>大地图</>上实时显示旗帜所在位置。\n2.<Highlight>右上角小地图</>也会持续显示旗帜方向，可根据指引方向寻找旗帜。	1. <Highlight> The large map </> displays the location of the flag in real-time. \n 2. <Highlight> The mini-map in the top right corner </> will also continuously display the direction of the flag; you can follow the guidance to find the flag.	
92	1.三选一坠星	1. Choose one of three falling stars	
93	1.上传时必须选择一项自定义内容（动作、表情、音频、镜头其中一项即可）。\n2.目前仅支持上传自定义内容，暂无法上传系统动作和预设的运镜。\n3.上传后可在【我的-选择对应作品-编辑】中进行修改和删除。	1. You must select one custom content (action, expression, audio, or camera) when uploading. \n2. Currently, only custom content can be uploaded; system actions and preset camera movements cannot be uploaded yet. \n3. After uploading, you can modify or delete it in [Mine - Select Corresponding Work - Edit].	
94	1.俱乐部成员锁定规则：在以俱乐部为单位的玩法活动（如四方联赛、歌剧魅影、猎城战、高原战）期间，俱乐部不允许成员的加入和退出。\n2.俱乐部活动途径人数限制：部分俱乐部活动对参与成员的途径人数有限制要求，详情可见俱乐部活动说明。	1. Club member locking rules: During club-based activities (such as the Four-Way League, Phantom of the Opera, City of Dragon Hunting, Plateau Battle), clubs are not allowed to add or remove members. \n 2. Club activity pathway participation limits: Some club activities have restrictions on the number of participants per pathway; see the club activity instructions for details.	
95	1.准备视频	1. Prepare Video	
96	1.召唤4个撞击蘑菇;\n2.扇形AOE*4;\n3.全屏击退AOE	1. Summon 4 impact mushrooms;\n 2. Fan-shaped AOE*4;\n 3. Full-screen knockback AOE	
97	1.召唤蘑菇;\n2.扇形AOE*4\n3.全屏AOE击退	1. Summon mushrooms;\n 2. Fan-shaped AOE*4;\n 3. Full-screen AOE knockback	
98	1.同一俱乐部中，每个玩家所拥有的投影相同。\n2.每个投影在一届比赛仅可上场一次，不可重复上场。	1. In the same Club, every player owns the same projections. \n2. Each projection can only be fielded once per competition and cannot be reused.	
99	1.当旗帜不在当前分线时，可点击右上角小地图上方的<Highlight>切换分线</>寻找。\n2.选择传送点即可传送至<Highlight>旗帜所在分线</>，迅速投入战斗。	1. When the Flag is not in the current sub-channel, you can click <Highlight> Switch Sub-channel </> above the mini-map in the top right corner to find it. \n 2. Select a Teleport point to Teleport to the <Highlight> sub-channel where the Flag is located </> and quickly join the battle.	
100	1.怪物出生时无敌不可选中。	1. Invincible and untargetable when monster spawns.	
101	1.怪物死亡后取消碰撞。	1. Cancel collision after monster dies.	
102	1.断线<Highlight>%d</>分钟内保留排队状态，重连后可继续排队；\n2.断线超<Highlight>%d</>分钟，自动取消排队；\n3.断线状态下排到，可<Highlight>免排队</>直接进入游戏，次日失效。	1. Disconnection <Highlight>%d </> minutes will retain your queue status; you can continue queuing after reconnecting. \n 2. If disconnected for over <Highlight> %d </> minutes, the queue will be automatically canceled. \n 3. If you reach your turn while disconnected, you can <Highlight> skip the queue </> and enter the game directly; this expires the next day.	
103	1.普通镜头提供规范化的拍摄视角，便于进行角色展示与构图调整。\n2.自由镜头可自由控制拍摄位置与视角，实现更多创意取景效果。	1. The normal lens provides a standardized shooting perspective, facilitating character display and composition adjustment. \n2. The free lens allows free control of the shooting position and perspective, achieving more creative framing effects.	
104	1.枪手申请掩护	1. Gunner requests cover	
105	1.点击邮件正文收藏按钮可将邮件加入收藏夹\n2.收藏前需先领取完邮件中的所有附件\n3.加入收藏夹，可在收藏夹中永久保留此邮件	1. Click the favorite button in the email body to add the email to your favorites. \n2. You must collect all attachments in the email before favoriting. \n3. Once added to favorites, this email will be permanently kept in your favorites folder.	
106	11_弗兰奇公寓	11_Frankie Apartment	
107	12月24日，生日灵数是6，会有一段平稳的人生。	December 24th, the birth number is 6, you will have a stable life.	
108	1345年4月12日 \n第一次摸到父亲的工具。锤子比想象中沉，手抖得厉害，把银片敲变形了。\n\n1345年8月3日 \n学会了辨认红宝石和石榴石的区别。\n\n1346年2月18日 \n母亲咳嗽又重了。周薪涨到12苏勒，买了些润喉的草药。\n\n1346年7月9日 \n独立完成了一枚银戒指的抛光。主顾是个码头工人，给未婚妻的。\n\n1347年3月15日 \n正式成为匠人学徒。父亲说我手稳，适合吃这碗饭。\n\n1347年11月2日 \n学会了镶嵌月光石。父亲点头了。\n\n1348年6月3日 \n周薪涨到1镑5苏勒。母亲炖了肉汤。\n\n1348年9月14日 \n第一次接定制单。顾客要一枚带苹果花纹的胸针，说送给妻子。画了三遍草图才满意。\n\n1349年1月20日 \n整理铺子旧物，发现一张泛黄的家谱图。有些名字被涂掉了。\n\n1349年3月8日 \n母亲的药粉快吃完了。这周多接些修活的单子。\n\n1349年6月28日 \n收到了一本奇怪的笔记。翻开第一页，那些符号……好像在哪里见过。	April 12, 1345 \n First time touching father's tools. The hammer was heavier than expected, my hand shook so much I deformed the silver sheet. \n\n August 3, 1345 \n Learned to distinguish between rubies and garnets. \n\n February 18, 1346 \n Mother's cough worsened. Weekly wage rose to 12 sous, bought some throat-soothing herbs. \n\n July 9, 1346 \n Independently finished polishing a silver ring. The client was a dock worker, for his fiancée. \n\n March 15, 1347 \n Officially became a craftsman's apprentice. Father said my hands are steady, suitable for this trade. \n\n November 2, 1347 \n Learned to set moonstones. Father nodded. \n\n June 3, 1348 \n Weekly wage rose to 1 pound 5 sous. Mother made meat stew. \n\n September 14, 1348 \n First custom order. Customer wanted a brooch with an apple pattern, said it was for his wife. Drew the sketch three times before he was satisfied. \n\n January 20, 1349 \n Sorting through old items in the shop, found a yellowed family tree. Some names were crossed out. \n\n March 8, 1349 \n Mother's herbal powder is almost gone. Need to take more repair jobs this week. \n\n June 28, 1349 \n Received a strange notebook. Opened the first page, those symbols... I feel like I've seen them somewhere.	
109	14_打印道具装备池	14_Print Item Equipment Pool	
110	15-回退	15 - Back	
111	15米内单体友方目标	Single friendly target within 15 meters	
112	15米的后撤位移	15-meter backward displacement	
113	18号\n罗森的民俗草药店	No. 18\nRosen's Folk Herbs Shop	
114	19级6人本BOSS普通	Level 19 6-Player Dungeon Boss Normal	
115	19级6人本Boss普通	Level 19 6-Player Dungeon Boss Normal	
116	1:忽略 0恢复	1: Ignore, 0: Restore.	
117	1:解除 其他:恢复	1: Release, Others: Restore.	
118	1、参与战略服玩法，可获得征服声望和战功；\n2、征服声望达到对应值，可提高个人征服军衔等级，获得对应奖励并解锁对应功能。	1. Participate in strategic server gameplay to earn Conquest Prestige and War Merit; \n2. When Conquest Prestige reaches the corresponding value, you can increase your personal Conquest Military Rank, obtain corresponding rewards, and unlock corresponding functions.	
119	1、双方俱乐部活动期间无法发起和接受合并申请。接受合并申请时，两方俱乐部总成员之和不得超过合入俱乐部的总成员数上限。超出上限则合并失败，需请离人员再进行合并。	1. Merger requests cannot be initiated or accepted during Club activities. When accepting a merger request, the total number of members of both Clubs must not exceed the maximum member limit of the receiving Club. If it exceeds the limit, the merger will fail; you must remove members before merging.	
120	1、征服声望每周获取上限，上限可累积两周；\n2、通过战略服终末猎杀获取的征服声望每周有上限，不可累积；\n3、装配环身“律令扉页（头部）”后，获得战功时会额外获得征服声望，该方式获得的征服声望不计算在上限中。	1. There is a weekly cap on Conquest Prestige acquisition, which can be accumulated for two weeks; \n2. Conquest Prestige obtained through the strategic server's Final Hunt has a weekly cap and cannot be accumulated; \n3. After equipping the ring \"Law Decree Page (Head),\" you will receive additional Conquest Prestige when gaining War Merit. This method of obtaining Conquest Prestige does not count towards the cap.	
121	1、根据俱乐部神选积分排名，可授予一定数量的俱乐部成员为征服先锋；\n2、被授予征服先锋的玩家，将获得道具“征服之证”；\n3、个人军衔等级四升级军衔等级三时，需消耗一个“征服之证”。	1. Based on the Club's God-Chosen ranking, a certain number of Club members can be granted the title of Conquest Vanguard; \n2. Players granted the title of Conquest Vanguard will receive the item \"Proof of Conquest\"; \n3. When upgrading personal Military Rank from Level 4 to Level 3, one \"Proof of Conquest\" is required.	
122	1、每周根据俱乐部神选积分排名，会长可授予一定数量的俱乐部成员为征服先锋；\n2、被授予征服先锋的玩家，将获得道具“征服之证”。	1. Every week, based on the Club's Divine Selection ranking, the President can grant a certain number of Club members the title of Conquest Vanguard; \n2. Players granted the title of Conquest Vanguard will receive the item \"Proof of Conquest\".	
123	1、每周每个副本会获得一定的<Highlight>讨伐奖励次数</>，玩家在击杀副本首领后，会增加<Highlight>讨伐奖励进度</>\n2、讨伐奖励进度<Highlight>积累满</>后，可领取一件当前副本<Highlight>未拥有的烙印装备或者外观奖励</>\n3、领取后，对应的进度将会扣除领奖所需的次数\n4、烙印装备的讨伐奖励次数增加规则：共次数的副本，共享讨伐奖励次数，每周每个首领增加1次\n5、外观的讨伐奖励次数增加规则：每个副本，每周每个首领增加2次，普通和困难难度共享次数	1. Each dungeon will receive a certain number of <Highlight>Crusade Reward Counts</> every week. Players will increase their <Highlight>Crusade Reward Progress</> after killing the dungeon boss. \n2. After the <Highlight>Crusade Reward Progress</> is fully accumulated, you can claim a piece of <Highlight>unowned Imprint Equipment or cosmetic reward</> from the current dungeon. \n3. After claiming, the corresponding progress will deduct the number of counts required for claiming the reward. \n4. Imprint Equipment Crusade Reward Count increase rule: Dungeons with shared counts share Crusade Reward Counts, and each boss adds 1 count per week. \n5. Cosmetic Crusade Reward Count increase rule: Each dungeon adds 2 counts per boss per week, and Normal and Hard difficulties share counts.	
124	1个	1	
125	1出门引导镜头	1 Exit Guidance Camera	
126	1打开; 0关闭; 设置之后要切换一下场景, 重新载入角色; 使用X可以切换姿态	1 to enable; 0 to disable; after setting, you must switch scenes and reload the character; use X to switch stances.	
127	1级	Level 1	
128	1级-初识	Level 1 - Acquaintance	
129	1级-零散	Level 1 - Scattered	
130	1级灵界生物	Level 1 Spirit World Creature	
131	1选A	1 Select A	
132	1选B	1 Select B	
133	1问题	1 question	
134	1：显示，0：关闭	1: Show, 0: Close.	
135	1：解除限制，其他：恢复	1: Remove restriction, other: Restore	
136	2-049的投影赋予了你附身的能力，点击菜单查看。	The projection of 2-049 grants you the ability to possess. Click the menu to view it.	
137	2.上传视频	2. Upload Video	
138	2049不可选中	2049 Untargetable	
139	2049筛npc&玩家滞涩	2049 Filter NPC & Player Stagnation	
140	20_清空指定背包页签下的所有物品	20_Clear All Items in Specified Inventory Tab	
141	20级6人本Boss普通	Level 20 6-Player Dungeon Boss Normal	
142	20级后溶解测试	Dissolve Test After Level 20	
143	2113【忍不住】	2113【Can't help it】	
144	22条	22 items	
145	25品武器箱	Level 25 Weapon Box	
146	2、合并后，申请方的剩余俱乐部资金全部并入接受方俱乐部，俱乐部名、俱乐部等级、建筑等级等俱乐部信息以接收的俱乐部为准，申请方的俱乐部成员被迁移至目标俱乐部后，不再拥有职位，全部成为普通会员，原俱乐部学徒在现俱乐部仍然为学徒。	2. After the merger, the remaining Club funds of the applicant Club are merged into the receiving Club. Club information such as Club name, Club level, and building levels will be based on the receiving Club. After the applicant Club's members are migrated to the target Club, they will no longer hold positions and will all become ordinary members. Original Club Apprentices remain Apprentices in the new Club.	
147	2个	2 items	
148	2件随机装备 + 8金币	2 random Equipment + 8 Gold Coins	
149	2压力核心	2 Pressure Cores	
150	2引导1	2 Guide 1	
151	2引导2	2 guide 2	
152	2级	Level 2	
153	2级-充实	Level 2 - Enriched	
154	2级-领略	Level 2 - Appreciation	
155	2级乾坤一掷	Level 2 All-or-Nothing	
156	2级灵界生物	Level 2 Spirit World Creature	
157	2问题	2 Questions	
158	3.选择内容	3. Select Content	
159	35品武器箱	Level 35 Weapon Box	
160	35级6人本Boss普通	Level 35 6-Player Dungeon Boss Normal	
161	35级标准活跃玩家+少量钱	Level 35 standard active player + small amount of money.	
162	35装等装备箱	35 Item Level Equipment Box	
163	35装等装备随机箱	Level 35 Equipment Random Box	
164	35装等金色装备	35 Item Level Gold Equipment	
165	35装等金色装备盒	35 Item Level Gold Equipment Box	
166	39世界BOSS普通10%生命	Level 39 World Boss Normal 10% HP	
167	39级6人本BOSS普通	Level 39 6-Player Dungeon Boss Normal	
168	39级6人本Boss普通	Level 39 6-Player Dungeon Boss Normal	
169	3个	3	
170	3件随机装备 + 随机3费棋子	3 random Equipment + Random 3-cost piece	
171	3号-佐特兰射击俱乐部	No. 3 - Zouteland Shooting Club	
172	3号佐特兰\r\n射击俱乐部\r\n<LeonSubTitle size=\"10\">Zouteland Shooting Club</>	No. 3 Zouteland\nShoot Club\n<LeonSubTitle size=\"10\">Zouteland Shooting Club</>	
173	3名以上家族/3名以上俱乐部成员通关一次	Clear once with at least 3 Family members/3 Club members.	
174	3名以上家族/x人名上俱乐部成员通关一次	Clear once with 3 or more family/x club members	
175	3引导	3 Guide	
176	3月4日：翻完了前三十六任的全部维护日志，没有发现任何异常。但那一夜它确实出了问题。答案不在日志里。那答案在哪里？\n\n3月11日：典籍里关于知识皇冠的记载只有只言片语——为什么这么少？是被删掉了吗？谁删的？必须找到更原始的文本。\n\n3月19日：十一本。还差一本。\n\n3月26日：不能停。停下来就会，就会？不能停。\n\n4月2日：它就在某个地方。找到它找到它找到它——\n\n4月3日：一定要找到它。\n\n（后面还有很多页，但字迹越来越潦草，到最后已经很难辨认。）	March 4th: Finished reading all maintenance logs of the previous thirty-six predecessors, found nothing unusual. But that night, it did malfunction. The answer is not in the logs. Where is the answer? \n \n March 11th: Records about the Knowledge Radiance in the classics are only fragments—why so few? Was it deleted? Who deleted it? Must find more original texts. \n \n March 19th: Eleven books. Still missing one. \n \n March 26th: Cannot stop. If I stop, then, then? Cannot stop. \n \n April 2nd: It is somewhere. Find it, find it, find it— \n \n April 3rd: Must find it. \n \n (There are many pages left, but the handwriting becomes increasingly sloppy, and by the end, it is hard to decipher.)	
177	3正式文本未确定，此为流程用临时文本。	3 Formal text not yet determined; this is temporary text for the workflow.	
178	3级	Level 3	
179	3级-厚积	Level 3 - Accumulated	
180	3级-洞悉	Level 3 - Insight	
181	3级乾坤一掷	Level 3 All-or-Nothing	
182	3级灵界生物	Level 3 Spirit World Creature	
183	3问题	3 questions	
184	40级6人本BOSS普通	Level 40 6-Player Dungeon Boss Normal	
185	40级6人本Boss普通	Level 40 6-Player Dungeon Boss Normal	
186	44级6人本Boss普通	Level 44 6-Player Dungeon Boss Normal	
187	45品武器箱	Level 45 Weapon Box	
188	45级可解锁	Unlocks at level 45	
189	45级护符词条	Level 45 Charm Affix	
190	45级衣服词条	Level 45 Clothing Affix	
191	45级鞋靴词条	Level 45 Footwear Affix	
192	45装等装备随机箱	Level 45 Equipment Random Box	
193	45装等金色装备	45 Item Level Gold Equipment	
194	46级12人本Boss普通	Level 46 12-Player Dungeon Boss Normal	
195	46级6人本BOSS普通	Level 46 6-Player Dungeon Boss Normal	
196	46级6人本Boss普通	Level 46 6-Player Dungeon Boss Normal	
197	47级6人本BOSS普通	Level 47 6-Player Dungeon Boss Normal	
198	47级6人本Boss普通	Level 47 6-Player Dungeon Boss Normal	
199	4K 分辨率下选择电影画质，渲染负载较大，原始帧率可能受限。启用帧生成可有效提升帧率，改善画面流畅性。	Selecting Cinematic graphics at 4K resolution results in a heavy rendering load, and the native frame rate may be limited. Enabling frame generation can effectively increase the frame rate and improve visual fluidity.	
200	4个	4	
201	4个小时后，去<P_Yellow>后街咖啡店</>的门口，那里有一座花台。	4 hours later, go to the entrance of the <P_Yellow> Back Street Coffee Shop </>, there is a flower bed there.	
202	4件随机装备 + 20金币	4 random Equipment + 20 Gold Coins	
203	4级	Level 4	
204	4级-丰泛	Level 4 - Abundant	
205	4级-通晓	Level 4 - Mastery	
206	50-600装等	Item Level 50-600	
207	50级6人本Boss普通	Level 50 6-Player Dungeon Boss Normal	
208	50级中R玩家+中量钱	Level 50 mid-level spender + medium amount of money.	
209	50级以上开放	Available for level 50 and above	
210	50装备箱	50 Equipment Box	
211	5200010   咖啡屋   大世界	5200010 Coffee Shop Open World	
212	5200014   关卡目标功能测试   副本	5200014 Level Objective Function Test Instance	
213	5200017   关卡玩法测试   副本	5200017 Level Gameplay Test Instance	
214	5200021   俱乐部   副本	5200021 Club Instance	
215	5200021   俱乐部   工会场景	5200021 Club Guild Scene	
216	5200055   QA战斗测试模版关卡   大世界	5200055 QA Combat Test Template Level Open World	
217	5200059   公会联赛   副本	5200059 Guild League Instance	
218	5200062   角色创建测试关卡   副本	5200062 Character Creation Test Level Instance	
219	5200080   战斗引导测试关卡   副本	5200080 Combat Tutorial Test Level Instance	
220	5200093   QA资源测试模版关卡   大世界	5200093 QA Resource Test Template Level Open World	
221	5200094   公会联赛   副本	5200094 Guild League Instance	
222	5200115   个人测试用关卡   副本	5200115 Personal Test Level Instance	
223	5200123   五月庄园-外庭   关卡副本	5200123 May Manor - Outer Court Level Instance	
224	5200139   金秋湖FB-英雄   关卡副本	5200139 Golden Autumn Lake - Hero Level Instance	
225	5200195   俱乐部   多人场景	5200195 Club Multiplayer Scene	
226	5200222   夜总会   多人场景	5200222 Nightclub Multiplayer Scene	
227	5200223   俱乐部联赛   公会联赛	5200223 Club League Guild League	
228	5200229   俱乐部   其他副本	5200229 Club Other Dungeon	
229	5200231   温莎裁缝店   多人场景	5200231 Windsor Tailor Shop Multiplayer Scene	
230	5200232   香水店   多人场景	5200232 Perfume Store Multiplayer Scene	
231	5200238   钟表店   多人场景	5200238 Clock Shop Multiplayer Scene	
232	5200239   珠宝店   多人场景	5200239 Jewelry Store Multiplayer Scene	
233	5200247   夜总会   多人场景	5200247 Nightclub Multiplayer Scene	
234	5200252   夜总会   多人场景	5200252 Nightclub Multiplayer Scene	
235	5200259   人偶店   多人场景	5200259 Doll Shop Multiplayer Scene	
236	5200260   古董店   多人场景	5200260 Antique Shop Multiplayer Scene	
237	5200261   雷克书店   多人场景	5200261 Raker Bookstore Multiplayer Scene	
238	5200268   俱乐部   多人场景	5200268   Club   Multiplayer Scene	
239	5202006   1030替代内容_愚者之梦20级   副本	5202006   1030 Replacement Content_Fool's Dream Level 20   Dungeon	
240	5202007   1030替代内容_世界Boss35级   副本	5202007   1030 Replacement Content_World Boss Level 35   Dungeon	
241	5202008   1030替代内容_愚者之梦37级   副本	5202008   1030 Replacement Content_Fool's Dream Level 37   Dungeon	
242	5209005   选角测试题场景   副本	5209005 Character Selection Test Scene - Instance	
243	5230043   恶龙酒吧后巷   位面	5230043 Iron Dragon Bar Back Alley Plane	
244	5230044   罗森的民俗草药店   位面	5230044 Rosson's Folk Herb Shop Plane	
245	5230143   俱乐部门外   位面	5230143 Outside the Club Plane	
246	5230144   退伍军官俱乐部   位面	5230144 Veterans Club Plane	
247	5230173   战斗引导测试关卡   位面	5230173 Combat Tutorial Test Level Plane	
248	5230207   战斗引导测试关卡   位面	5230207 Combat Tutorial Test Level Plane	
249	5230208   战斗引导测试关卡   位面	5230208 Combat Tutorial Test Level Plane	
250	5230213   QA资源测试模版关卡   位面	5230213 QA Resource Test Template Level Plane	
